hyponym,definition
able,(usually followed by ‘to’) having the necessary means or skill or know-how or authority to do something
abnormal,not normal; not typical or usual or regular or conforming to a norm
above,appearing earlier in the same text
absent,not being in a specified place
absolute,perfect or complete or pure
acceptable,worthy of acceptance or satisfactory
accessible,capable of being reached
accurate,conforming exactly or almost exactly to fact or to a standard or performing with total accuracy
accused,a defendant in a criminal proceeding
active,tending to become more severe or wider in scope
actual,presently existing in fact and not merely potential or possible
addicted,compulsively or physiologically dependent on something habit-forming
additional,further or added
adjacent,nearest in space or position; immediately adjoining without intervening space
administrative,of or relating to or responsible for administration
adult,(of animals) fully developed
advanced,farther along in physical or mental development
adverse,contrary to your interests or welfare
advisory,giving advice
aesthetic,relating to or dealing with the subject of aesthetics
afraid,filled with fear or apprehension
aggregate,formed of separate units gathered into a mass or whole
agile,moving quickly and lightly
agreed,united by being of the same opinion
agricultural,relating to or used in or promoting agriculture or farming
alert,engaged in or accustomed to close observation
alien,not contained in or deriving from the essential nature of something
alive,possessing life
alleged,declared but not proved
allied,of or relating to or denoting the Allies in World War II
alone,isolated from others
aloof,remote in manner
alright,nonstandard usage
alternative,serving or used in place of another
amateur,engaged in as a pastime
amazing,surprising greatly
amber,of a medium to dark brownish yellow color
ambiguous,open to two or more interpretations; or of uncertain nature or significance; or (often) intended to mislead
ample,more than enough in size or scope or capacity
ancient,belonging to times long past especially of the historical period before the fall of the Western Roman Empire
angry,feeling or showing anger
annual,completing its life cycle within a year
anonymous,having no known name or identity or known source
anxious,eagerly desirous
appalling,strike with disgust or revulsion
apparent,clearly revealed to the mind or the senses or judgment
applicable,capable of being applied; having relevance
applied,concerned with concrete problems or data rather than with fundamental principles
appointed,subject to appointment
appropriate,suitable for a particular person or place or condition etc
approved,established by authority; given authoritative approval
arbitrary,based on or subject to individual discretion or preference or sometimes impulse or caprice
archaeological,related to or dealing with or devoted to archaeology
architectural,of or pertaining to the art and science of architecture
armed,(used of persons or the military) characterized by having or bearing arms
arrogant,having or showing feelings of unwarranted importance out of overbearing pride
articulate,expressing yourself easily or characterized by clear expressive language
artificial,contrived by art rather than nature
artistic,relating to or characteristic of art or artists
ashamed,feeling shame or guilt or embarrassment or remorse
asleep,in a state of sleep
assistant,of or relating to a person who is subordinate to another
astonishing,surprising greatly
atomic,of or relating to or comprising atoms
attempted,tried unsuccessfully
attractive,pleasing to the eye or mind especially through beauty or charm
automatic,operating with minimal human intervention; independent of external control
autonomous,(of political bodies) not controlled by outside forces
available,obtainable or accessible and ready for use or service
average,approximating the statistical norm or average or expected value
awake,not in a state of sleep; completely conscious
aware,(sometimes followed by ‘of’) having or showing knowledge or understanding or realization or perception
awful,offensive or even (of persons) malicious
awkward,lacking grace or skill in manner or movement or performance
back,related to or located at the back
bad,having undesirable or negative qualities
balanced,being in a state of proper equilibrium
bald,with no effort to conceal
bare,not having a protective covering
basic,pertaining to or constituting a base or basis
beautiful,delighting the senses or exciting intellectual or emotional admiration
beneficial,promoting or enhancing well-being
big,above average in size or number or quantity or magnitude or extent
binding,executed with proper legal authority
biological,pertaining to biology or to life and living things
bitter,marked by strong resentment or cynicism
bizarre,conspicuously or grossly unconventional or unusual
black,being of the achromatic color of maximum darkness; having little or no hue owing to absorption of almost all incident light
bland,lacking taste or flavor or tang
bleak,offering little or no hope
blonde,being or having light colored skin and hair and usually blue or grey eyes
bloody,having or covered with or accompanied by blood
blue,of the color intermediate between green and violet; having a color similar to that of a clear unclouded sky
bodily,of or relating to or belonging to the body
bold,fearless and daring
bored,tired of the world
boring,so lacking in interest as to cause mental weariness
bottom,situated at the bottom or lowest position
bourgeois,(according to Marxist thought) being of the property-owning class and exploitive of the working class
brave,possessing or displaying courage; able to face and deal with danger or fear without flinching
brief,of short duration or distance
bright,emitting or reflecting light readily or in large amounts
brilliant,of surpassing excellence
broad,having great (or a certain) extent from one side to the other
broken,physically and forcibly separated into pieces or cracked or split
brown,Scottish botanist who first observed the movement of small particles in fluids now known a Brownian motion (1773-1858)
burning,of immediate import
busy,actively or fully engaged or occupied
calm,(of weather) free from storm or wind
capable,(usually followed by ‘of’) having capacity or ability
careful,exercising caution or showing care or attention
casual,marked by blithe unconcern
causal,involving or constituting a cause; causing
cautious,showing careful forethought
central,in or near a center or constituting a center; the inner area
certain,having or feeling no doubt or uncertainty; confident and assured
changing,marked by continuous change or effective action
characteristic,typical or distinctive
charismatic,possessing an extraordinary ability to attract
charming,pleasing or delighting
cheap,relatively low in price or charging low prices
cheerful,being full of or promoting cheer; having or showing good spirits
chemical,relating to or used in chemistry
chief,most important element
chosen,the name for Korea as a Japanese province (1910-1945)
chronic,being long-lasting and recurrent or characterized by long suffering
circular,having the shape or form of a circle
civic,of or relating or belonging to a city
civil,not rude; marked by satisfactory (or especially minimal) adherence to social usages and sufficient but not noteworthy consideration for others
civilian,associated with civil life or performed by persons who are not active members of the military
classical,"of or relating to the first significant period of a civilization, culture, area of study, etc."
clean,free from dirt or impurities; or having clean habits
clear,readily apparent to the mind
clinical,relating to a clinic or conducted in or as if in a clinic and depending on direct observation of patients
close,at or within a short distance in space or time or having elements near each other
closed,not open or affording passage or access
coastal,of or relating to a coast
coherent,"marked by an orderly, logical, and aesthetically consistent relation of parts"
cold,having a low or inadequate temperature or feeling a sensation of coldness or having been made cold by e.g. ice or refrigeration
collective,forming a whole or aggregate
colonial,of or relating to or characteristic of or inhabiting a colony
color-blind,unable to distinguish one or more chromatic colors
colorful,having much or varied color
coloured,having color or a certain color; sometimes used in combination
colourful,striking in variety and interest
comfortable,providing or experiencing physical well-being or relief (‘comfy’ is informal)
coming,of the relatively near future
commercial,connected with or engaged in or sponsored by or used in commerce or commercial enterprises
common,belonging to or participated in by a community as a whole; public
communist,relating to or marked by communism
comparable,able to be compared or worthy of comparison
comparative,relating to or based on or involving comparison
compatible,able to exist and perform in harmonious or agreeable combination
competent,properly or sufficiently qualified or capable or efficient
complementary,of words or propositions so related that each is the negation of the other
complete,having every necessary or normal part or component or step
complex,complicated in structure; consisting of interconnected parts
comprehensive,including all or everything
compulsory,required by rule
conceptual,being or characterized by concepts or their formation
concerned,feeling or showing worry or solicitude
concrete,capable of being perceived by the senses; not abstract or imaginary
confident,having or marked by confidence or assurance
confidential,entrusted with private information and the confidence of another
conscious,knowing and perceiving; having awareness of surroundings and sensations and thoughts
conservative,"resistant to change, particularly in relation to politics or religion"
considerable,large or relatively large in number or amount or extent or degree
consistent,(sometimes followed by ‘with’) in agreement or consistent or reliable
constant,steadfast in purpose or devotion or affection
constructive,constructing or tending to construct or improve or promote development
contemporary,characteristic of the present
content,satisfied or showing satisfaction with things as they are
continental,of or pertaining to or typical of Europe
continued,without stop or interruption
continuing,remaining in force or being carried on without letup
continuous,continuing in time or space without interruption
contrary,very opposed in nature or character or purpose
controversial,marked by or capable of arousing controversy
conventional,following accepted customs and proprieties
convincing,causing one to believe the truth of something
cooperative,done with or working with others for a common purpose or benefit
corporate,of or belonging to a corporation
correct,free from error; especially conforming to fact or truth
corresponding,accompanying
costly,entailing great loss or sacrifice
crazy,affected with madness or insanity
creative,having the ability or power to create
criminal,bringing or deserving severe rebuke or censure
critical,marked by a tendency to find and call attention to errors and flaws
crucial,of extreme importance; vital to the resolution of a crisis
cruel,(of persons or their actions) able or disposed to inflict pain or suffering
cultural,of or relating to the arts and manners that a group favors
curious,eager to investigate and learn or learn more (sometimes about others' concerns)
cute,attractive especially by means of smallness or prettiness or quaintness
damaging,(sometimes followed by ‘to’) causing harm or injury
damp,slightly wet
dangerous,involving or causing danger or risk; liable to hurt or harm
dark,devoid of or deficient in light or brightness; shadowed or black
dead,no longer having or seeming to have or expecting to have life
deadly,causing or capable of causing death
deaf,lacking or deprived of the sense of hearing wholly or in part
dear,dearly loved
decent,conforming to conventions of sexual behavior
decisive,determining or having the power to determine an outcome
decorative,serving an esthetic rather than a useful purpose
deep,relatively deep or strong; affecting one deeply
defensive,intended or appropriate for defending against or deterring aggression or attack
definite,precise; explicit and clearly defined
deliberate,carefully thought out in advance
delicate,exquisitely fine and subtle and pleasing; susceptible to injury
delicious,variety of sweet eating apples
delighted,greatly pleased
delightful,greatly pleasing or entertaining
democratic,belong to or relating to the Democratic Party
dense,permitting little if any light to pass through because of denseness of matter
departmental,of or relating to a department
dependent,"relying on or requiring a person or thing for support, supply, or what is needed"
depending,being determined by conditions or circumstances that follow
depressed,lower than previously
desirable,worth having or seeking or achieving
desired,wanted intensely
desperate,arising from or marked by despair or loss of hope
detailed,developed or executed with care and in minute detail
determined,having been learned or found or determined especially by investigation
developed,being changed over time so as to be e.g. stronger or more complete or more useful
developing,relating to societies in which capital needed to industrialize is in short supply
devoted,zealous in devotion or affection
different,unlike in nature or quality or form or degree
differential,relating to or showing a difference
difficult,not easy; requiring great physical or mental effort to accomplish or comprehend or endure
digital,displaying numbers rather than scale positions
diplomatic,relating to or characteristic of diplomacy
direct,direct in spatial dimensions; proceeding without deviation or interruption; straight and short
dirty,soiled or likely to soil with dirt or grime
disabled,"the total or partial absence of a person's bodily or mental functions, including the absence of a part of a person's body"
disastrous,(of events) having extremely unfortunate or dire consequences; bringing ruin
disciplinary,relating to discipline in behavior
discreet,marked by prudence or modesty and wise self-restraint
distant,separated in space or coming from or going to a distance
distinct,easy to perceive; especially clearly outlined
distinctive,of a feature that helps to distinguish a person or thing
distributed,spread out or scattered about or divided up
diverse,many and different
domestic,of concern to or concerning the internal affairs of a nation
dominant,exercising influence or control
double,used of flowers having more than the usual number of petals in crowded or overlapping arrangements
doubtful,open to doubt or suspicion
dramatic,suitable to or characteristic of drama
dreadful,causing fear or dread or terror
driving,having the power of driving or impelling
drunk,stupefied or excited by a chemical substance (especially alcohol)
dry,free from liquid or moisture; lacking natural or normal moisture or depleted of water; or no longer wet
dual,consisting of or involving two parts or components usually in pairs
due,owed and payable immediately or on demand
dull,lacking in liveliness or animation
dynamic,characterized by action or forcefulness or force of personality
eager,having or showing keen interest or intense desire or impatient expectancy
early,at or near the beginning of a period of time or course of events or before the usual or expected time
eastern,of or characteristic of eastern regions of the United States
easy,posing no difficulty; requiring little effort
economic,"of or relating to an economy, the system of production and management of material wealth"
educational,relating to the process of education
effective,producing or capable of producing an intended result or having a striking effect
elaborate,marked by complexity and richness of detail
elderly,advanced in years; (‘aged’ is pronounced as two syllables)
elected,subject to popular election
electoral,of or relating to elections
electric,using or providing or producing or transmitting or operated by electricity
electrical,relating to or concerned with electricity
electronic,of or relating to electronics; concerned with or using devices that operate on principles governing the behavior of electrons
elegant,refined and tasteful in appearance or behavior or style
eligible,qualified for or allowed or worthy of being chosen
embarrassed,feeling or caused to feel ill at ease or self-conscious or ashamed
embarrassing,hard to deal with; especially causing pain or embarrassment
emotional,determined or actuated by emotion rather than reason
empirical,derived from experiment and observation rather than theory
empty,holding or containing nothing
encouraging,giving courage or confidence or hope
endless,tiresomely long; seemingly without end
enhanced,increased or intensified in value or beauty or quality
enjoyable,affording satisfaction or pleasure
enormous,extraordinarily large in size or extent or amount or power or degree
enthusiastic,having or showing great excitement and interest
entire,constituting the full quantity or extent; complete
environmental,of or relating to the external conditions or surroundings
equal,"having the same quantity, value, or measure as another"
equivalent,being essentially equal to something
essential,basic and fundamental
established,brought about or set up or accepted; especially long established
eternal,continuing forever or indefinitely
ethical,of or relating to the philosophical study of ethics
ethnic,denoting or deriving from or distinctive of the ways of living built up by a group of people
even,divisible by two
eventual,expected to follow in the indefinite future from causes already operating
everyday,found in the ordinary course of events
evident,clearly revealed to the mind or the senses or judgment
evil,morally bad or wrong
evolutionary,of or relating to or produced by evolution
exact,marked by strict and particular and complete accordance with fact
excellent,very good; of the highest quality
exceptional,far beyond what is usual in magnitude or degree
excess,"more than is needed, desired, or required"
excessive,beyond normal limits
excited,in an aroused state
exciting,creating or arousing excitement
exclusive,excluding much or all; especially all but a particular group or minority
executive,having the function of carrying out plans or orders etc.
existing,having existence or being or actuality
expected,considered likely or probable to happen or arrive
expensive,high in price or charging high prices
experienced,having experience; having knowledge or skill from observation or participation
experimental,relating to or based on experiment
expert,having or showing knowledge and skill and aptitude
explicit,precisely and clearly expressed or readily observable; leaving nothing to implication
express,not tacit or implied
extended,fully extended or stretched forth
extensive,of agriculture; increasing productivity by using large areas with minimal outlay and labor
external,happening or arising or located outside or beyond some limits or especially surface
extinct,no longer in existence; lost or especially having died out leaving no living representatives
extra,"more than is needed, desired, or required"
extreme,of the greatest possible degree or extent or intensity
faint,deficient in magnitude; barely perceptible; lacking clarity or brightness or loudness etc
faithful,steadfast in affection or allegiance
false,not in accordance with the fact or reality or actuality
familiar,well known or easily recognized
famous,widely known and esteemed
fantastic,ludicrously odd
far,located at a great distance in time or space or degree
fascinating,capable of arousing and holding the attention
fast,acting or moving or capable of acting or moving quickly
fastidious,giving careful attention to detail; hard to please; excessively concerned with cleanliness
fat,having an (over)abundance of flesh
fatal,bringing death
favorable,encouraging or approving or pleasing
favourite,appealing to the general public
feasible,capable of being done with means at hand and circumstances as they are
federal,of or relating to the central government of a federation
fellow,a boy or man
female,being the sex (of plant or animal) that produces fertilizable gametes (ova) from which offspring develop
feminine,associated with women and not with men
fierce,marked by extreme and violent energy
final,occurring at or forming an end or termination
financial,involving financial matters
fine,of textures that are smooth to the touch or substances consisting of relatively small particles
finished,(of materials or goods) brought to the desired final state
firm,marked by firm determination or resolution; not shakable
first,preceding all others in time or space or degree
fiscal,involving financial matters
fit,meeting adequate standards for a purpose
fixed,securely placed or fastened or set
flat,lacking contrast or shading between tones
flawed,having a blemish or flaw
flexible,capable of being changed
following,going or proceeding or coming after in the same direction
fond,having or displaying warmth or affection
foolish,devoid of good sense or judgment
foreign,of concern to or concerning the affairs of other nations (other than your own)
formal,being in accord with established forms and conventions and requirements (as e.g. of formal dress)
formidable,extremely impressive in strength or excellence
forthcoming,at ease in talking to others
forward,at or near or directed toward the front
fragile,easily broken or damaged or destroyed
fragrant,pleasant-smelling
frank,a member of the ancient Germanic peoples who spread from the Rhine into the Roman Empire in the 4th century
free,not limited or hampered; not under compulsion or restraint
frequent,coming at short intervals or habitually
fresh,"recently made, produced, or harvested"
friendly,characteristic of or befitting a friend
frightened,made afraid
front,relating to or located in the front
fucking,informal intensifiers
full,containing as much or as many as is possible or normal
full-time,for the entire time appropriate to an activity
fun,activities that are enjoyable or amusing
functional,designed for or capable of a particular function or use
fundamental,serving as an essential component
funny,arousing or provoking laughter
furious,marked by extreme and violent energy
future,yet to be or coming
gastric,relating to or involving the stomach
gay,bright and pleasant; promoting a feeling of cheer
general,applying to all or most members of a category or group
generous,willing to give and share unstintingly
genetic,of or relating to or produced by or being a gene
gentle,soft and mild; not harsh or stern or severe
genuine,not fake or counterfeit
geographical,of or relating to the science of geography
geological,of or relating to or based on geology
giant,of great mass; huge and bulky
given,"cause to have, in the abstract sense or physical sense"
glad,showing or causing joy and pleasure; especially made happy
global,involving the entire earth; not limited or provincial in scope
glorious,having or deserving or conferring glory
gold,made from or covered with gold
golden,having the deep slightly brownish color of gold
good,having desirable or positive qualities especially those suitable for a thing specified
gothic,characteristic of the style of type commonly used for printing German
gradual,proceeding in small stages
grammatical,of or pertaining to grammar
grand,of behavior that is impressive and ambitious in scale or scope
graphic,of or relating to the graphic arts
grateful,feeling or showing gratitude
grave,dignified and somber in manner or character and committed to keeping promises
great,relatively large in size or number or extent; larger than others of its kind
green,concerned with or supporting or in conformity with the political principles of the Green Party
gregarious,(of animals) tending to form a group with others of the same species
grey,United States writer of western adventure novels (1875-1939)
grim,not to be placated or appeased or moved by entreaty
gross,before any deductions
growing,relating to or suitable for growth
guilty,responsible for or chargeable with a reprehensible act
handicapped,injure permanently
handsome,pleasing in appearance especially by reason of conformity to ideals of form and proportion
handy,United States blues musician who transcribed and published traditional blues music (1873-1958)
happy,enjoying or showing or marked by joy or pleasure
hard,not easy; requiring great physical or mental effort to accomplish or comprehend or endure
harmful,causing or capable of causing harm
harsh,of textures that are rough to the touch or substances consisting of relatively large particles
head,the upper part of the human body or the front part of the body in animals; contains the face and brains
helpless,lacking in or deprived of strength or power
hidden,not accessible to view
high,greater than normal in quantity or amount
hilarious,marked by or causing boisterous merriment or convulsive laughter
historic,belonging to the past; of what is important or famous in the past
historical,of or relating to the study of history
holy,belonging to or derived from or associated with a divine power
homeless,without nationality or citizenship
homosexual,sexually attracted to members of your own sex
honest,not disposed to cheat or defraud; not deceptive or fraudulent; marked by truth
honorable,not disposed to cheat or defraud; not deceptive or fraudulent; marked by truth
honourable,worthy of being honored; entitled to honor and respect
horizontal,parallel to or in the plane of the horizon or a base line
horrible,provoking horror
hostile,characterized by enmity or ill will
hot,used of physical heat; having a high or higher than desirable temperature or giving off heat or feeling or causing a sensation of heat or burning
human,characteristic of humanity
humble,marked by meekness or modesty; not arrogant or prideful
hungry,feeling hunger; feeling a need or desire to eat food
ideal,of or relating to the philosophical doctrine of the reality of ideas
identical,(of twins) derived from a single egg or ovum
ideological,of or pertaining to or characteristic of an orientation that characterizes the thinking of a group or nation
ignorant,uneducated in general; lacking knowledge or sophistication
ill,affected by an impairment of normal physical or mental function
imaginative,(used of persons or artifacts) marked by independence and creativity in thought or action
immediate,having no intervening medium
imminent,close in time; about to occur
immune,relating to the condition of immunity
imperial,relating to or associated with an empire
implicit,implied though not directly expressed; inherent in the nature of something
important,of great significance or value
impossible,not capable of occurring or being accomplished or dealt with
impressive,making a strong or vivid impression
improved,made more desirable or valuable or profitable; especially made ready for use or marketing
inadequate,lacking the requisite qualities or resources to meet a task
inappropriate,not suitable for a particular occasion etc
incapable,(followed by ‘of’) lacking capacity or ability
inclined,"(often followed by ‘to’) having a preference, disposition, or tendency"
incongruous,lacking in harmony or compatibility or appropriateness
increased,made greater in size or amount or degree
increasing,becoming greater or larger
incredible,beyond belief or understanding
independent,free from external control and constraint
indigenous,originating where it is found
indirect,not direct in spatial dimension; not leading by a straight line or course to a destination
individual,being or characteristic of a single thing or person
indoor,"located, suited for, or taking place within a building"
industrial,of or relating to or resulting from industry
inevitable,incapable of being avoided or prevented
infinite,having no limits or boundaries in time or space or extent or magnitude
informal,not formal
inherent,existing as an essential constituent or characteristic
initial,occurring at the beginning
inland,situated away from an area's coast or border
inner,located or occurring within or closer to a center
innocent,free from evil or guilt
innovative,ahead of the times
instant,occurring with no delay
institutional,relating to or constituting or involving an institution
instrumental,relating to or designed for or performed on musical instruments
insufficient,of a quantity not able to fulfill a need or requirement
intact,constituting the undiminished entirety; lacking nothing essential especially not damaged
integral,of or denoted by an integer
integrated,formed into a whole or introduced into another entity
intellectual,appealing to or using the intellect
intelligent,having the capacity for thought and reason especially to a high degree
intense,possessing or displaying a distinctive feature to a heightened degree
intensive,tending to give force or emphasis
intent,giving or marked by complete attention to
interactive,used especially of drugs or muscles that work together so the total effect is greater than the sum of the two (or more)
interested,having or showing interest; especially curiosity or fascination or concern
interesting,arousing or holding the attention
interim,serving during an intermediate interval of time
interior,situated within or suitable for inside a building
intermediate,lying between two extremes in time or space or state
internal,happening or arising or located within some limits or especially surface
international,concerning or belonging to all or at least two or more nations
intimate,"marked by close acquaintance, association, or familiarity"
invaluable,"having incalculable monetary, intellectual, or spiritual worth"
invisible,impossible or nearly impossible to see; imperceptible by the eye
involved,connected by participation or association or use
irrespective,in spite of everything; without regard to drawbacks
isolated,not close together in time
jealous,showing extreme cupidity; painfully desirous of another's advantages
joint,united or combined
judicial,belonging or appropriate to the office of a judge
junior,younger; lower in rank; shorter in length of tenure or service
just,used especially of what is legally or ethically right or proper or fitting
justified,having words so spaced that lines have straight even margins
keen,having or demonstrating ability to recognize or draw fine distinctions
key,United States lawyer and poet who wrote a poem after witnessing the British attack on Baltimore during the War of 1812; the poem was later set to music and entitled ‘The Star-Spangled Banner’ (1779-1843)
kind,having or showing a tender and considerate and helpful nature; used especially of persons and their behavior
known,apprehended with certainty
labour,a political party formed in Great Britain in 1900; characterized by the promotion of labor's interests and formerly the socialization of key industries
lacking,inadequate in amount or degree
large,above average in size or number or quantity or magnitude or extent
large-scale,unusually large in scope
last,coming after all others in time or space or degree or being the only one remaining
late,being or occurring at an advanced period of time or after a usual or expected time
latest,up to the immediate present; most recent or most up-to-date
latin,of or relating to the ancient Latins or the Latin language
lay,characteristic of those who are not members of the clergy
lazy,moving slowly and gently
leading,going or proceeding or going in advance; showing the way
left,being or located on or directed toward the side of the body to the west when facing north
legal,established by or founded upon law or official or accepted rules
legislative,relating to a legislature or composed of members of a legislature
legitimate,of marriages and offspring; recognized as lawful
lengthy,relatively long in duration; tediously protracted
lesser,of less size or importance
level,"having a surface without slope, tilt in which no part is higher or lower than another"
lexical,of or relating to words
liable,at risk of or subject to experiencing something usually unpleasant
liberal,"tolerant of change; not bound by authoritarianism, orthodoxy, or tradition"
light,of comparatively little physical weight or density
like,resembling or similar; having the same or some of the same characteristics; often used in combination
likely,has a good chance of being the case or of coming about
limited,small in range or scope
linear,designating or involving an equation whose terms are of the first degree
linguistic,consisting of or related to language
liquid,existing as or having characteristics of a liquid; especially tending to flow
literary,of or relating to or characteristic of literature
little,limited or below average in number or quantity or magnitude or extent
live,actually being performed at the time of hearing or viewing
lively,full of life and energy
living,pertaining to living persons
local,relating to or applicable to or concerned with the administration of a city or town or district rather than a larger area
logical,capable of or reflecting the capability for correct and valid reasoning
lone,lacking companions or companionship
lonely,lacking companions or companionship
long,primarily temporal sense; being or indicating a relatively great or greater than average duration or passage of time or a duration as specified
long-term,relating to or extending over a relatively long time
loose,not compact or dense in structure or arrangement
lost,no longer in your possession or control; unable to be found or recovered
loud,characterized by or producing sound of great volume or intensity
lovely,appealing to the emotions as well as the eye
low,less than normal in degree or intensity or amount
loyal,steadfast in allegiance or duty
lucky,having or bringing good fortune
luxury,something that is an indulgence rather than a necessity
mad,roused to anger
magic,possessing or using or characteristic of or appropriate to supernatural powers
magical,possessing or using or characteristic of or appropriate to supernatural powers
magnetic,of or relating to or caused by magnetism
magnificent,characterized by grandeur
main,(of a clause) capable of standing syntactically alone as a complete sentence
major,of greater importance or stature or rank
male,being the sex (of plant or animal) that produces gametes (spermatozoa) that perform the fertilizing function in generation
managerial,of or relating to the function or responsibility or activity of management
mandatory,required by rule
manual,of or relating to the hands
manufacturing,the act of making something (a product) from raw materials
marginal,at or constituting a border or edge
marine,of or relating to the sea
marked,having or as if having an identifying mark or a mark as specified; often used in combination
married,joined in matrimony
marvellous,extraordinarily good or great; used especially as intensifiers
mass,(Roman Catholic Church and Protestant Churches) the celebration of the Eucharist
material,derived from or composed of matter
mathematical,of or pertaining to or of the nature of mathematics
mature,characteristic of maturity
maximum,the greatest or most complete or best possible
mean,approximating the statistical norm or average or expected value
meaningful,having a meaning or purpose
mechanical,using (or as if using) mechanisms or tools or devices
medical,relating to the study or practice of medicine
medieval,relating to or belonging to the Middle Ages
medium,around the middle of a scale of evaluation
mere,being nothing more than specified
metropolitan,relating to or characteristic of a metropolis
mid,used in combination to denote the middle
middle,of a stage in the development of a language or literature between earlier and later stages
middle-class,occupying a socioeconomic position intermediate between those of the lower classes and the wealthy
mighty,having or showing great strength or force or intensity
mild,moderate in type or degree or effect or force; far from extreme
military,of or relating to the study of the principles of warfare
minimal,the least possible
minimum,the least possible
ministerial,of or relating to a minister of religion or the minister's office
minor,of lesser importance or stature or rank
minute,infinitely or immeasurably small
miserable,very unhappy; full of misery
misleading,designed to deceive or mislead either deliberately or inadvertently
missing,not able to be found
mixed,consisting of a haphazard assortment of different kinds
mobile,moving or capable of moving readily (especially from place to place)
moderate,being within reasonable or average limits; not excessive or extreme
modern,belonging to the modern era; since the Middle Ages
modest,marked by simplicity; having a humble opinion of yourself
molecular,relating to or produced by or consisting of molecules
monetary,relating to or involving money
monstrous,abnormally large
monthly,of or occurring or payable every month
moral,concerned with principles of right and wrong or conforming to standards of behavior and character based on those principles
moving,in motion
muggy,hot or warm and humid
multiple,having or involving or consisting of more than one part or entity or individual
municipal,relating or belonging to or characteristic of a municipality
musical,characterized by or capable of producing music
mutual,concerning each of two or more persons or things; especially given or done in return
mysterious,of an obscure nature
naked,having no clothes on the body
narrow,not wide
nasty,offensive or even (of persons) malicious
national,of or relating to or belonging to a nation or country
native,characteristic of or existing by virtue of geographic origin
natural,in accordance with nature; relating to or concerning nature
naval,connected with or belonging to or used in a navy
near,not far distant in time or space or degree or circumstances
nearby,close at hand
neat,clean or organized
necessary,absolutely essential
negative,characterized by or displaying negation or denial or opposition or resistance; having no positive features
neighbouring,having a common boundary or edge; abutting; touching
nervous,of or relating to the nervous system
net,remaining after all deductions
neutral,possessing no distinctive quality or characteristics
new,not of long duration; having just (or relatively recently) come into being or been made or acquired or discovered
nice,pleasant or pleasing or agreeable in nature or appearance
noble,of or belonging to or constituting the hereditary aristocracy especially as derived from feudal times
noisy,full of or characterized by loud and nonmusical sounds
nominal,relating to or constituting or bearing or giving a name
normal,conforming with or constituting a norm or standard or level or type or social norm; not abnormal
northern,in or characteristic of a region of the United States north of (approximately) the Mason-Dixon line
notable,widely known and esteemed
noticeable,capable or worthy of being noticed
novel,original and of a kind not seen before
nuclear,(weapons) deriving destructive energy from the release of atomic energy
numerous,amounting to a large indefinite number
nursing,the work of caring for the sick or injured or infirm
obese,excessively fat
objective,undistorted by emotion or personal bias; based on observable phenomena
obscure,not clearly expressed or understood
occasional,occurring from time to time
occupational,of or relating to the activity or business for which you are trained
odd,not divisible by two
offensive,for the purpose of attack rather than defense
official,having official authority or sanction
okay,being satisfactory or in satisfactory condition
old,(used especially of persons) having lived for a relatively long time or attained a specific age
only,being the only one; single and isolated from others
open,affording unobstructed entrance and exit; not shut or closed
operational,pertaining to a process or series of actions for achieving a result
opposed,being in opposition or having an opponent
opposite,of leaves etc.; growing in pairs on either side of a stem
optical,of or relating to or involving light or optics
optimistic,expecting the best in this best of all possible worlds
optional,possible but not necessary; left to personal choice
oral,of or relating to or affecting or for use in the mouth
orange,a river in South Africa that flows generally westward to the Atlantic Ocean
organic,relating or belonging to the class of chemical compounds having a carbon basis
organisational,of or relating to an organization
organizational,of or relating to an organization
original,being or productive of something fresh and unusual; or being as first made or thought of
orthodox,of or pertaining to or characteristic of Judaism
other,"not the same one or ones already mentioned or implied; quantifier, other"
outdoor,"located, suited for, or taking place in the open air"
outer,being on the outside or further from a center
outside,relating to or being on or near the outer side or limit
outstanding,distinguished from others in excellence
overall,involving only main features
overseas,in a foreign country
overwhelming,so strong as to be irresistible
paid,marked by the reception of pay
painful,causing physical or psychological pain
papal,proceeding from or ordered by or subject to a pope or the papacy regarded as the successor of the Apostles
parallel,being everywhere equidistant and not intersecting
paralyzed,affected with paralysis
parental,designating the generation of organisms from which hybrid offspring are produced
parliamentary,relating to or having the nature of a parliament
part-time,involving less than the standard or customary time for an activity
partial,constituting or comprising a part or fraction of a possible whole or entirety
particular,unique or specific to a person or thing or category
passionate,having or expressing strong emotions
passive,lacking in energy or will
past,earlier than the present time; no longer current
patient,enduring trying circumstances with even temper or characterized by such endurance
payable,subject to or requiring payment especially as specified
peculiar,beyond or deviating from the usual or expected
perceived,detected by instinct or inference rather than by recognized perceptual cues
perfect,being complete of its kind and without defect or blemish
permanent,continuing or enduring without marked change in status or condition or place
persistent,retained; not shed
personal,concerning or affecting a particular person or his or her private life and personality
petty,inferior in rank or status
philosophical,of or relating to philosophy or philosophers
photographic,relating to photography or obtained by using photography
physical,involving the body as distinguished from the mind or spirit
pink,of a light shade of red
plain,not elaborate or elaborated; simple
planned,designed or carried out according to a plan
plausible,"apparently reasonable and credible, and therefore convincing"
pleasant,affording pleasure; being in harmony with your taste or likings
pleased,experiencing or manifesting pleasure
polish,of or relating to Poland or its people or culture
polite,"showing regard for others in manners, speech, behavior, etc."
political,involving or characteristic of politics or parties or politicians
poor,having little money or few possessions
popular,"regarded with great favor, approval, or affection especially by the general public"
portable,easily or conveniently transported
positive,characterized by or displaying affirmation or acceptance or certainty etc.
possible,capable of happening or existing
potential,existing in possibility
powerful,having great power or force or potency or effect
practical,concerned with actual use or practice
precious,characterized by feeling or showing fond affection for
precise,sharply exact or accurate or delimited
predictable,capable of being foretold
preferred,like better; value more highly
pregnant,carrying developing offspring within the body or being about to produce new life
preliminary,denoting an action or event preceding or in preparation for something more important
premier,first in rank or degree
present,temporal sense; intermediate between past and future; now existing or happening or in consideration
presidential,relating to a president or presidency
pretty,pleasing by delicacy or grace; not imposing
primary,of first rank or importance or value; direct and immediate rather than secondary
prime,of or relating to or being an integer that cannot be factored into other integers
primitive,belonging to an early stage of technical development; characterized by simplicity and (often) crudeness
principal,most important element
prior,earlier in time
private,confined to particular persons or groups or providing privacy
privileged,blessed with privileges
probable,likely but not certain to be or become true or real
productive,producing or capable of producing (especially abundantly)
professional,engaged in a profession or engaging in as a profession or means of livelihood
profitable,yielding material gain or profit
profound,showing intellectual penetration or emotional depth
progressive,favoring or promoting progress
prolonged,relatively long in duration; tediously protracted
prominent,having a quality that thrusts itself into attention
prone,having a tendency (to); often used in combination
proper,marked by suitability or rightness or appropriateness
proportional,properly related in size or degree or other measurable characteristics; usually followed by ‘to’
prospective,of or concerned with or related to the future
protective,intended or adapted to afford protection of some kind
proud,feeling self-respect or pleasure in something by which you measure your self-worth; or being a reason for pride
provincial,of or associated with a province
provisional,under terms not final or fully worked out or agreed upon
psychiatric,relating to or used in or engaged in the practice of psychiatry
psychological,of or relating to or determined by psychology
public,not private; open to or concerning the people as a whole
pure,free of extraneous elements of any kind
purple,of a color intermediate between red and blue
qualified,meeting the proper standards and requirements and training for an office or position or task
quantitative,expressible as a quantity or relating to or susceptible of measurement
quick,accomplished rapidly and without delay
racial,of or related to genetically distinguished groups of people
radical,of or relating to or constituting a linguistic root
raised,located or moved above the surround or above the normal position
random,lacking any definite plan or order or purpose; governed by or depending on chance
rapid,done or occurring in a brief period of time
rare,not widely known; especially valued for its uncommonness
rational,consistent with or based on or using reason
raw,not treated with heat to prepare it for eating
ready,completely prepared or in condition for immediate action or use or progress
real,being or occurring in fact or actuality; having verified existence; not illusory
realistic,aware or expressing awareness of things as they really are
rear,located in or toward the back or rear
reasonable,showing reason or sound judgment
recent,"approximately the last 10,000 years"
reckless,marked by defiant disregard for danger or consequences
red,a tributary of the Mississippi River that flows eastward from Texas along the southern boundary of Oklahoma and through Louisiana
reduced,made less in size or amount or degree
redundant,"more than is needed, desired, or required"
regional,characteristic of a region
regular,in accordance with fixed order or procedure or principle
regulatory,restricting according to rules or principles
related,being connected either logically or causally or by shared characteristics
relative,estimated by comparison; not absolute or complete
relevant,having a bearing on or connection with the subject at issue
religious,having or showing belief in and reverence for a deity
reluctant,unwillingness to do something contrary to your custom
remaining,not used up
remarkable,unusual or striking
remote,far apart in relevance or relationship or kinship
renewed,restored to a new condition
repeated,recurring again and again
representative,standing for something else
required,necessary for relief or supply
resident,living in a particular place
residential,used or designed for residence or limited to residences
respectable,characterized by socially or conventionally acceptable morals
respective,considered individually
responsible,worthy of or requiring responsibility or trust; or held accountable
restless,lacking or not affording physical or mental rest
restricted,subject to restriction or subjected to restriction
restrictive,serving to restrict
retail,the selling of goods to consumers; usually in small quantities and not for resale
retired,no longer active in your work or profession
revised,improved or brought up to date
revolutionary,of or relating to or characteristic or causing an axial or orbital turn
rich,possessing material wealth
right,being or located on or directed toward the side of the body to the east when facing north
rigid,designating an airship or dirigible having a form maintained by a stiff unyielding frame or structure
rising,advancing or becoming higher or greater in degree or value or status
rival,as a rival in a competition
romantic,belonging to or characteristic of Romanticism or the Romantic Movement in the arts
rotten,very bad
rough,having or caused by an irregular surface
round,having the shape or form of a circle
royal,of or relating to or indicative of or issued or performed by a king or queen or other monarch
rubber,returned for lack of funds
rude,lacking civility or good manners
ruling,exercising power or authority
running,(of fluids) moving or issuing in a stream
rural,of or relating to the countryside as opposed to the city
sacred,concerned with religion or religious purposes
sad,experiencing or showing sorrow or unhappiness
safe,free from danger or the risk of harm
satisfactory,giving satisfaction
satisfied,filled with satisfaction
scared,made afraid
scientific,of or relating to the practice of science
seasonal,occurring at or dependent on a particular season
secondary,being of second rank or importance or value; not direct or immediate
secret,not open or public; kept private or not revealed
secular,of or relating to the doctrine that rejects religion and religious considerations
secure,free from fear or doubt; easy in mind
select,of superior grade
selected,chosen in preference to another
selective,tending to select; characterized by careful choice
semantic,of or relating to meaning or the study of meaning
senior,older; higher in rank; longer in length of tenure or service
sensible,showing reason or sound judgment
sensitive,responsive to physical stimuli
separate,independent; not united or joint
severe,intensely or extremely bad or unpleasant in degree or quality
sexual,of or relating to or characterized by sexuality
shallow,lacking physical depth; having little spatial extension downward or inward from an outer surface or backward or outward from a center
shared,have in common; held or experienced in common
sharp,keenly and painfully felt; as if caused by a sharp edge or point
sheer,complete and without restriction or qualification; sometimes used informally as intensifiers
shocked,"struck with fear, dread, or consternation"
short,primarily temporal sense; indicating or being or seeming to be limited in duration
short-term,relating to or extending over a limited period
shy,lacking self-confidence
sick,affected by an impairment of normal physical or mental function
significant,important in effect or meaning
silent,marked by absence of sound
silly,"ludicrous, foolish"
silver,made from or largely consisting of silver
similar,marked by correspondence or resemblance
single,being or characteristic of a single thing or person
sleeping,lying with head on paws as if sleeping
slight,(quantifier used with mass nouns) small in quantity or degree; not much or almost none or (with ‘a’) at least some
slim,being of delicate or slender build
slippery,causing or tending to cause things to slip or slide
slow,not moving quickly; taking a comparatively long time
small,limited or below average in number or quantity or magnitude or extent
smooth,having a surface free from roughness or bumps or ridges or irregularities
so-called,doubtful or suspect
social,relating to human society and its members
sociological,of or relating to or determined by sociology
soft,yielding readily to pressure or weight
solar,relating to or derived from the sun or utilizing the energies of the sun
sole,not divided or shared with others
solid,of definite shape and volume; firm; neither liquid nor gaseous
sophisticated,having or appealing to those having worldly knowledge and refinement and savoir-faire
sore,hurting
sorry,feeling or expressing regret or sorrow or a sense of loss over something done or undone
sound,financially secure and safe
sour,having a sharp biting taste
southern,in or characteristic of a region of the United States south of (approximately) the Mason-Dixon line
spare,thin and fit
spatial,pertaining to or involving or having the nature of space
special,unique or specific to a person or thing or category
specialist,an expert who is devoted to one occupation or branch of learning
specific,(sometimes followed by ‘to’) applying to or characterized by or distinguishing something particular or special or unique
specified,clearly and explicitly stated
spectacular,sensational in appearance or thrilling in effect
spiritual,concerned with sacred matters or religion or the church
splendid,having great beauty and splendor
spoken,uttered through the medium of speech or characterized by speech; sometimes used in combination
spontaneous,happening or arising without apparent external cause
square,having four equal sides and four right angles or forming a right angle
stable,resistant to change of position or condition
standard,conforming to or constituting a standard of measurement or value; or of the usual or regularized or accepted kind
static,concerned with or producing or caused by static electricity
statistical,of or relating to statistics
statutory,relating to or created by statutes
steady,not subject to change or variation especially in behavior
steep,having a sharp inclination
sterling,highest in quality
sticky,having the sticky properties of an adhesive
stiff,having a strong physiological or chemical effect
still,used of pictures; of a single or static photograph not presented so as to create the illusion of motion; or representing objects not capable of motion
stolen,take without the owner's consent
straight,having no deviations
straightforward,free from ambiguity
strange,being definitely out of the ordinary and unexpected; slightly odd or even a bit weird
strategic,relating to or concerned with strategy
strict,"characterized by strictness, severity, or restraint"
striking,sensational in appearance or thrilling in effect
strong,having strength or power greater than average or expected
structural,"relating to or caused by structure, especially political or economic structure"
stubborn,tenaciously unwilling or marked by tenacious unwillingness to yield
stunning,make senseless or dizzy by or as if by a blow
stupid,lacking or marked by lack of intellectual acuity
subject,possibly accepting or permitting
subjective,taking place within the mind and modified by individual bias
subsequent,following in time or order
substantial,having substance or capable of being treated as fact; not imaginary
substantive,defining rights and duties as opposed to giving the rules by which rights and duties are established
subtle,difficult to detect or grasp by the mind or analyze
successful,having succeeded or being marked by a favorable outcome
successive,in regular succession without gaps
sufficient,of a quantity that can fulfill a need or requirement but without being abundant
suitable,meant or adapted for an occasion or use
sunny,bright and pleasant; promoting a feeling of cheer
super,of the highest quality
superb,of surpassing excellence
superior,of high or superior quality or performance
supplementary,functioning in a supporting capacity
supporting,furnishing support and encouragement
supposed,required or under orders
supreme,final or last in your life or progress
sure,having or feeling no doubt or uncertainty; confident and assured
surplus,"more than is needed, desired, or required"
surprised,taken unawares or suddenly and feeling wonder or astonishment
surrounding,closely encircling
suspicious,openly distrustful and unwilling to confide
sweet,having or denoting the characteristic taste of sugar
swift,United States meat-packer who began the use of refrigerated railroad cars (1839-1903)
symbolic,relating to or using or proceeding by means of symbols
sympathetic,of or relating to the sympathetic nervous system
syntactic,of or relating to or conforming to the rules of syntax
systematic,characterized by order and planning
talented,endowed with talent or talents
talkative,full of trivial conversation
tall,great in vertical dimension; high in stature
tasty,pleasing to the sense of taste
technical,of or relating to technique or proficiency in a practical skill
technological,of or relating to a practical subject that is organized according to scientific principles
teenage,being of the age 13 through 19
temporary,not permanent; not lasting
tender,given to sympathy or gentleness or sentimentality
tense,in or of a state of physical or nervous tension
terminal,of or relating to or situated at the ends of a delivery route
terrible,causing fear or dread or terror
territorial,of or relating to a territory
theoretical,concerned primarily with theories or hypotheses rather than practical considerations
thick,not thin; of a specific thickness or of relatively great extent from one surface to the opposite usually in the smallest of the three solid dimensions
thin,of relatively small extent from one surface to the opposite or in cross section
thinking,endowed with the capacity to reason
thirsty,feeling a need or desire to drink
thorough,painstakingly careful and accurate
thoughtful,exhibiting or characterized by careful thought
tidy,marked by order and cleanliness in appearance or habits
tight,closely constrained or constricted or constricting
tiny,very small
tired,depleted of strength or energy
tolerant,showing respect for the rights or opinions or practices of others
top,situated at the top or highest position
total,constituting the full quantity or extent; complete
tough,not given to gentleness or sentimentality
toxic,of or relating to or caused by a toxin or poison
trading,buying or selling securities or commodities
traditional,consisting of or derived from tradition
tragic,of or relating to or characteristic of tragedy
trained,shaped or conditioned or disciplined by training; often used as a combining form
transparent,transmitting light; able to be seen through with clarity
tremendous,extraordinarily large in size or extent or amount or power or degree
tropical,"of or relating to the tropics, or either tropic"
true,consistent with fact or reality; not false
typical,exhibiting the qualities or characteristics that identify a group or kind or category
ugly,displeasing to the senses
ultimate,furthest or highest in degree or order; utmost or extreme
unable,(usually followed by ‘to’) not having the necessary means or skill or know-how
unacceptable,not acceptable; not welcome
unanimous,in complete agreement
unaware,(often followed by ‘of’) not aware
uncertain,lacking or indicating lack of confidence or assurance
unchanged,not made or become different
unclear,poorly stated or described
uncomfortable,conducive to or feeling mental discomfort
unconscious,not conscious; lacking awareness and the capacity for sensory perception as if asleep or dead
underground,under the level of the ground
underlying,be or form the base for
understandable,capable of being apprehended or understood
uneasy,lacking a sense of security or affording no ease or reassurance
unemployed,not engaged in a gainful occupation
unexpected,not expected or anticipated
unfair,not fair; marked by injustice or partiality or deception
unfamiliar,not known or well known
unfortunate,not favored by fortune; marked or accompanied by or resulting in ill fortune
unhappy,experiencing or marked by or causing sadness or sorrow or discontent
uniform,always the same; showing a single form or character in all occurrences
unique,radically distinctive and without equal
united,characterized by unity; being or joined into a single entity
universal,of worldwide scope or applicability
unknown,not known
unlike,marked by dissimilarity
unlikely,not likely to be true or to occur or to have occurred
unnecessary,not necessary
unprecedented,having no precedent; novel; never seen before
unreasonable,not reasonable; not showing good judgment
unsuccessful,not successful; having failed or having an unfavorable outcome
unusual,not usual or common or ordinary
unwanted,not wanted; not needed
unwilling,not disposed to and refusing to do something
up-to-date,reflecting the latest information or changes
upper,the topmost one of two; upper
upset,afflicted with or marked by anxious uneasiness or trouble or grief
urban,relating to or concerned with a city or densely populated area
urgent,compelling immediate action
used,employed in accomplishing something
useful,being of use or service
useless,having no beneficial use or incapable of functioning usefully
usual,occurring or encountered or experienced or observed frequently or in accordance with regular practice or procedure
vacant,without an occupant or incumbent
vague,"not precisely limited, determined, or distinguished"
vain,characteristic of false pride; having an exaggerated sense of self-importance
valid,well grounded in logic or truth or having legal force
valuable,having great material or monetary value especially for use or exchange
variable,liable to or capable of change
varied,characterized by variety
various,of many different kinds purposefully arranged but lacking any uniformity
varying,marked by diversity or difference
vast,unusually great in size or amount or degree or especially extent or scope
verbal,of or relating to or formed from words in general
vertical,at right angles to the plane of the horizon or a base line
very,precisely as stated
viable,capable of being done with means at hand and circumstances as they are
vicious,(of persons or their actions) able or disposed to inflict pain or suffering
vigorous,characterized by forceful and energetic action or activity
violent,acting with or marked by or resulting from great force or energy or emotional intensity
virtual,being actually such in almost every respect
visible,capable of being seen; or open to easy view
visual,relating to or using sight
vital,urgently needed; absolutely necessary
vivid,evoking lifelike images within the mind
vocational,of or relating to a vocation or occupation; especially providing or undergoing training in special skills
voluntary,of your own free will or design; done by choice; not forced or compelled
vulnerable,susceptible to attack
waiting,being and remaining ready and available for use
walking,close enough to be walked to
warm,having or producing a comfortable and agreeable degree of heat or imparting or maintaining heat
waste,located in a dismal or remote area; desolate
weak,wanting in physical strength
wealthy,having an abundant supply of money or possessions of value
wee,(used informally) little or tiny
weekly,of or occurring every seven days
weird,fate personified; any one of the three Weird Sisters
welcome,giving pleasure or satisfaction or received with pleasure or freely granted
well,in good health especially after having suffered illness or injury
western,relating to or characteristic of the western parts of the world or the West as opposed to the eastern or oriental parts
wet,covered or soaked with a liquid such as water
whole,including all components without exception; being one unit or constituting the full amount or extent or duration; complete
wicked,morally bad in principle or practice
wide,having great (or a certain) extent from one side to the other
widespread,widely circulated or diffused
wild,marked by extreme lack of restraint or control
willing,disposed or inclined toward
winning,be the winner in a contest or competition; be victorious
wise,having or prompted by wisdom or discernment
wonderful,extraordinarily good or great; used especially as intensifiers
wooden,made or consisting of (entirely or in part) or employing wood
working,actively engaged in paid work
working-class,of those who work for wages especially manual or industrial laborers
worldwide,spanning or extending throughout the entire world
worried,afflicted with or marked by anxious uneasiness or trouble or grief
worrying,causing distress or worry or anxiety
worthwhile,sufficiently valuable to justify the investment of time or interest
worthy,having worth or merit or value; being honorable or admirable
written,set down in writing in any of various ways
wrong,not correct; not in conformity with fact or truth
yellow,of the color intermediate between green and orange in the color spectrum; of something resembling the color of an egg yolk
young,(used of living things especially persons) in an early period of life or development or growth
