adjective,definition
able,(usually followed by ‘to’) having the necessary means or skill or know-how or authority to do something
abnormal,not normal; not typical or usual or regular or conforming to a norm
above,No definition found
absent,not being in a specified place
absolute,perfect or complete or pure
abstract,existing only in the mind; separated from embodiment
absurd,No definition found
abundant,present in great quantity
academic,associated with academia or an academy
acceptable,worthy of acceptance or satisfactory
accessible,capable of being reached
accounting,No definition found
accurate,conforming exactly or almost exactly to fact or to a standard or performing with total accuracy
accused,No definition found
active,tending to become more severe or wider in scope
actual,presently existing in fact and not merely potential or possible
acute,having or experiencing a rapid onset and short but severe course
added,No definition found
addicted,compulsively or physiologically dependent on something habit-forming
additional,No definition found
adequate,having the requisite qualities or resources to meet a task
adjacent,No definition found
administrative,of or relating to or responsible for administration
adult,No definition found
advanced,No definition found
adverse,No definition found
advisory,No definition found
aesthetic,relating to or dealing with the subject of aesthetics
afraid,filled with fear or apprehension
aggregate,No definition found
aggressive,having or showing determination and energetic pursuit of your ends
agile,No definition found
agreed,No definition found
agricultural,relating to or used in or promoting agriculture or farming
alert,engaged in or accustomed to close observation
alien,No definition found
alive,possessing life
alleged,No definition found
allied,of or relating to or denoting the Allies in World War II
alone,No definition found
aloof,No definition found
alright,No definition found
alternative,No definition found
amateur,No definition found
amazing,No definition found
amber,No definition found
ambiguous,open to two or more interpretations; or of uncertain nature or significance; or (often) intended to mislead
ambitious,having a strong desire for success or achievement
ample,more than enough in size or scope or capacity
ancient,No definition found
angry,feeling or showing anger
annual,completing its life cycle within a year
anonymous,having no known name or identity or known source
anxious,No definition found
appalling,No definition found
apparent,No definition found
applicable,No definition found
applied,concerned with concrete problems or data rather than with fundamental principles
appointed,subject to appointment
appropriate,suitable for a particular person or place or condition etc
approved,No definition found
arbitrary,based on or subject to individual discretion or preference or sometimes impulse or caprice
archaeological,related to or dealing with or devoted to archaeology
architectural,of or pertaining to the art and science of architecture
armed,(used of persons or the military) characterized by having or bearing arms
arrogant,No definition found
articulate,expressing yourself easily or characterized by clear expressive language
artificial,contrived by art rather than nature
artistic,relating to or characteristic of art or artists
ashamed,feeling shame or guilt or embarrassment or remorse
asleep,in a state of sleep
assertive,aggressively self-assured
assistant,No definition found
associated,No definition found
astonishing,No definition found
atomic,of or relating to or comprising atoms
attempted,No definition found
attractive,pleasing to the eye or mind especially through beauty or charm
automatic,operating with minimal human intervention; independent of external control
autonomous,No definition found
available,obtainable or accessible and ready for use or service
average,No definition found
awake,not in a state of sleep; completely conscious
aware,(sometimes followed by ‘of’) having or showing knowledge or understanding or realization or perception
awful,offensive or even (of persons) malicious
awkward,lacking grace or skill in manner or movement or performance
back,related to or located at the back
bad,having undesirable or negative qualities
bad,having undesirable or negative qualities
bad,having undesirable or negative qualities
balanced,being in a state of proper equilibrium
bald,No definition found
bare,not having a protective covering
basic,pertaining to or constituting a base or basis
beautiful,delighting the senses or exciting intellectual or emotional admiration
beneficial,No definition found
big,above average in size or number or quantity or magnitude or extent
binding,No definition found
biological,pertaining to biology or to life and living things
bitter,No definition found
bitter,No definition found
bizarre,No definition found
black,being of the achromatic color of maximum darkness; having little or no hue owing to absorption of almost all incident light
black,being of the achromatic color of maximum darkness; having little or no hue owing to absorption of almost all incident light
bland,No definition found
blank,No definition found
bleak,No definition found
blind,unable to see
blonde,being or having light colored skin and hair and usually blue or grey eyes
bloody,having or covered with or accompanied by blood
blue,No definition found
bodily,of or relating to or belonging to the body
bold,fearless and daring
bored,No definition found
boring,No definition found
bottom,situated at the bottom or lowest position
bourgeois,No definition found
brave,possessing or displaying courage; able to face and deal with danger or fear without flinching
brief,No definition found
bright,emitting or reflecting light readily or in large amounts
brilliant,No definition found
broad,having great (or a certain) extent from one side to the other
broken,physically and forcibly separated into pieces or cracked or split
brown,No definition found
bureaucratic,of or relating to or resembling a bureaucrat or bureaucracy
burning,No definition found
busy,actively or fully engaged or occupied
calm,(of weather) free from storm or wind
capable,(usually followed by ‘of’) having capacity or ability
capital,No definition found
careful,exercising caution or showing care or attention
casual,No definition found
causal,No definition found
cautious,showing careful forethought
central,in or near a center or constituting a center; the inner area
certain,having or feeling no doubt or uncertainty; confident and assured
changing,No definition found
characteristic,typical or distinctive
charismatic,No definition found
charming,No definition found
cheap,relatively low in price or charging low prices
cheerful,being full of or promoting cheer; having or showing good spirits
chemical,relating to or used in chemistry
chief,No definition found
childish,No definition found
chosen,No definition found
chronic,being long-lasting and recurrent or characterized by long suffering
circular,having the shape or form of a circle
civic,of or relating or belonging to a city
civil,not rude; marked by satisfactory (or especially minimal) adherence to social usages and sufficient but not noteworthy consideration for others
civilian,associated with civil life or performed by persons who are not active members of the military
classic,"of or relating to the first significant period of a civilization, culture, area of study, etc."
classical,"of or relating to the first significant period of a civilization, culture, area of study, etc."
clean,free from dirt or impurities; or having clean habits
clear,readily apparent to the mind
clear,readily apparent to the mind
clerical,of or relating to clerks
clever,No definition found
clinical,relating to a clinic or conducted in or as if in a clinic and depending on direct observation of patients
close,at or within a short distance in space or time or having elements near each other
close,at or within a short distance in space or time or having elements near each other
closed,not open or affording passage or access
co-operative,No definition found
coastal,of or relating to a coast
cognitive,of or being or relating to or involving cognition
coherent,"marked by an orderly, logical, and aesthetically consistent relation of parts"
cold,having a low or inadequate temperature or feeling a sensation of coldness or having been made cold by e.g. ice or refrigeration
cold,having a low or inadequate temperature or feeling a sensation of coldness or having been made cold by e.g. ice or refrigeration
collective,forming a whole or aggregate
colonial,of or relating to or characteristic of or inhabiting a colony
color-blind,No definition found
colorful,having much or varied color
coloured,having color or a certain color; sometimes used in combination
colourful,striking in variety and interest
combined,made or joined or united into one
comfortable,providing or experiencing physical well-being or relief (‘comfy’ is informal)
coming,No definition found
commercial,connected with or engaged in or sponsored by or used in commerce or commercial enterprises
common,belonging to or participated in by a community as a whole; public
common,belonging to or participated in by a community as a whole; public
common,belonging to or participated in by a community as a whole; public
communist,relating to or marked by communism
comparable,able to be compared or worthy of comparison
comparative,relating to or based on or involving comparison
compatible,able to exist and perform in harmonious or agreeable combination
competent,properly or sufficiently qualified or capable or efficient
competitive,involving competition or competitiveness
complementary,No definition found
complete,having every necessary or normal part or component or step
complex,complicated in structure; consisting of interconnected parts
complicated,No definition found
comprehensive,including all or everything
compulsory,No definition found
conceptual,No definition found
concerned,feeling or showing worry or solicitude
concrete,capable of being perceived by the senses; not abstract or imaginary
confident,having or marked by confidence or assurance
confidential,No definition found
conscious,knowing and perceiving; having awareness of surroundings and sensations and thoughts
conservative,"resistant to change, particularly in relation to politics or religion"
considerable,large or relatively large in number or amount or extent or degree
consistent,(sometimes followed by ‘with’) in agreement or consistent or reliable
constant,steadfast in purpose or devotion or affection
constant,steadfast in purpose or devotion or affection
constitutional,of benefit to or intended to benefit your physical makeup
constructive,constructing or tending to construct or improve or promote development
contemporary,No definition found
content,satisfied or showing satisfaction with things as they are
continental,of or pertaining to or typical of Europe
continued,without stop or interruption
continuing,No definition found
continuous,continuing in time or space without interruption
contractual,relating to or part of a binding legal agreement
contrary,No definition found
controlled,restrained or managed or kept within certain bounds
controversial,marked by or capable of arousing controversy
convenient,suited to your comfort or purpose or needs
conventional,following accepted customs and proprieties
convincing,causing one to believe the truth of something
cool,neither warm nor very cold; giving relief from heat
cool,neither warm nor very cold; giving relief from heat
cooperative,done with or working with others for a common purpose or benefit
corporate,of or belonging to a corporation
correct,free from error; especially conforming to fact or truth
corresponding,No definition found
costly,No definition found
crazy,No definition found
creative,having the ability or power to create
criminal,No definition found
critical,marked by a tendency to find and call attention to errors and flaws
critical,marked by a tendency to find and call attention to errors and flaws
critical,marked by a tendency to find and call attention to errors and flaws
crucial,of extreme importance; vital to the resolution of a crisis
crude,not refined or processed
crude,not refined or processed
cruel,No definition found
cultural,of or relating to the arts and manners that a group favors
curious,eager to investigate and learn or learn more (sometimes about others' concerns)
current,occurring in or belonging to the present time
cute,No definition found
daily,No definition found
damaging,No definition found
damp,No definition found
dangerous,involving or causing danger or risk; liable to hurt or harm
dark,devoid of or deficient in light or brightness; shadowed or black
dead,no longer having or seeming to have or expecting to have life
deadly,No definition found
deaf,lacking or deprived of the sense of hearing wholly or in part
dear,No definition found
decent,conforming to conventions of sexual behavior
decisive,determining or having the power to determine an outcome
decorative,No definition found
deep,relatively deep or strong; affecting one deeply
defensive,intended or appropriate for defending against or deterring aggression or attack
definite,precise; explicit and clearly defined
deliberate,No definition found
delicate,exquisitely fine and subtle and pleasing; susceptible to injury
delicate,exquisitely fine and subtle and pleasing; susceptible to injury
delicious,No definition found
delighted,No definition found
delightful,No definition found
democratic,belong to or relating to the Democratic Party
dense,No definition found
departmental,of or relating to a department
dependent,"relying on or requiring a person or thing for support, supply, or what is needed"
depending,No definition found
depressed,No definition found
desirable,worth having or seeking or achieving
desired,No definition found
desperate,No definition found
detailed,No definition found
determined,having been learned or found or determined especially by investigation
developed,being changed over time so as to be e.g. stronger or more complete or more useful
developing,No definition found
devoted,No definition found
different,unlike in nature or quality or form or degree
differential,relating to or showing a difference
difficult,not easy; requiring great physical or mental effort to accomplish or comprehend or endure
digital,displaying numbers rather than scale positions
diplomatic,relating to or characteristic of diplomacy
direct,direct in spatial dimensions; proceeding without deviation or interruption; straight and short
dirty,soiled or likely to soil with dirt or grime
dirty,soiled or likely to soil with dirt or grime
disabled,No definition found
disastrous,No definition found
disciplinary,relating to discipline in behavior
discreet,marked by prudence or modesty and wise self-restraint
distant,separated in space or coming from or going to a distance
distinct,easy to perceive; especially clearly outlined
distinctive,No definition found
distinguished,No definition found
distributed,spread out or scattered about or divided up
diverse,No definition found
divine,No definition found
domestic,of concern to or concerning the internal affairs of a nation
domestic,of concern to or concerning the internal affairs of a nation
dominant,exercising influence or control
double,used of flowers having more than the usual number of petals in crowded or overlapping arrangements
doubtful,No definition found
dramatic,suitable to or characteristic of drama
dreadful,No definition found
driving,No definition found
drunk,stupefied or excited by a chemical substance (especially alcohol)
dry,free from liquid or moisture; lacking natural or normal moisture or depleted of water; or no longer wet
dual,No definition found
due,owed and payable immediately or on demand
dull,lacking in liveliness or animation
dull,lacking in liveliness or animation
dynamic,characterized by action or forcefulness or force of personality
eager,having or showing keen interest or intense desire or impatient expectancy
early,at or near the beginning of a period of time or course of events or before the usual or expected time
eastern,of or characteristic of eastern regions of the United States
easy,posing no difficulty; requiring little effort
economic,"of or relating to an economy, the system of production and management of material wealth"
educational,relating to the process of education
effective,producing or capable of producing an intended result or having a striking effect
efficient,being effective without wasting time or effort or expense
elaborate,No definition found
elderly,No definition found
elected,subject to popular election
electoral,of or relating to elections
electric,using or providing or producing or transmitting or operated by electricity
electrical,relating to or concerned with electricity
electronic,of or relating to electronics; concerned with or using devices that operate on principles governing the behavior of electrons
elegant,refined and tasteful in appearance or behavior or style
eligible,qualified for or allowed or worthy of being chosen
embarrassed,No definition found
embarrassing,No definition found
emotional,determined or actuated by emotion rather than reason
empirical,derived from experiment and observation rather than theory
empty,holding or containing nothing
encouraging,giving courage or confidence or hope
endless,No definition found
enhanced,No definition found
enjoyable,No definition found
enormous,No definition found
enthusiastic,having or showing great excitement and interest
entire,No definition found
environmental,of or relating to the external conditions or surroundings
equal,"having the same quantity, value, or measure as another"
equivalent,No definition found
essential,basic and fundamental
established,brought about or set up or accepted; especially long established
estimated,No definition found
eternal,No definition found
ethical,of or relating to the philosophical study of ethics
ethnic,No definition found
even,divisible by two
even,divisible by two
eventual,No definition found
everyday,No definition found
evident,No definition found
evil,morally bad or wrong
evolutionary,of or relating to or produced by evolution
exact,marked by strict and particular and complete accordance with fact
excellent,No definition found
exceptional,No definition found
excess,No definition found
excessive,No definition found
excited,in an aroused state
exciting,creating or arousing excitement
exclusive,excluding much or all; especially all but a particular group or minority
executive,having the function of carrying out plans or orders etc.
existing,having existence or being or actuality
exotic,No definition found
exotic,No definition found
expected,considered likely or probable to happen or arrive
expensive,high in price or charging high prices
experienced,having experience; having knowledge or skill from observation or participation
experimental,relating to or based on experiment
expert,No definition found
explicit,precisely and clearly expressed or readily observable; leaving nothing to implication
express,No definition found
extended,fully extended or stretched forth
extensive,of agriculture; increasing productivity by using large areas with minimal outlay and labor
external,happening or arising or located outside or beyond some limits or especially surface
extinct,no longer in existence; lost or especially having died out leaving no living representatives
extra,No definition found
extraordinary,beyond what is ordinary or usual; highly unusual or exceptional or remarkable; special
extreme,No definition found
faint,No definition found
fair,free from favoritism or self-interest or bias or deception; conforming with established standards or rules
faithful,steadfast in affection or allegiance
false,not in accordance with the fact or reality or actuality
familiar,well known or easily recognized
famous,No definition found
fantastic,No definition found
far,located at a great distance in time or space or degree
fascinating,No definition found
fashionable,being or in accordance with current social fashions
fast,acting or moving or capable of acting or moving quickly
fastidious,giving careful attention to detail; hard to please; excessively concerned with cleanliness
fat,having an (over)abundance of flesh
fatal,bringing death
favorable,encouraging or approving or pleasing
favourable,encouraging or approving or pleasing
favourite,No definition found
feasible,No definition found
federal,of or relating to the central government of a federation
fellow,No definition found
female,being the sex (of plant or animal) that produces fertilizable gametes (ova) from which offspring develop
feminine,associated with women and not with men
fierce,No definition found
final,No definition found
financial,involving financial matters
fine,of textures that are smooth to the touch or substances consisting of relatively small particles
finished,(of materials or goods) brought to the desired final state
finished,(of materials or goods) brought to the desired final state
firm,No definition found
first,preceding all others in time or space or degree
first-hand,No definition found
fiscal,involving financial matters
fit,meeting adequate standards for a purpose
fixed,securely placed or fastened or set
flat,lacking contrast or shading between tones
flawed,No definition found
flexible,capable of being changed
following,going or proceeding or coming after in the same direction
fond,No definition found
foolish,devoid of good sense or judgment
foreign,of concern to or concerning the affairs of other nations (other than your own)
formal,being in accord with established forms and conventions and requirements (as e.g. of formal dress)
formidable,No definition found
forthcoming,No definition found
fortunate,having unexpected good fortune
forward,at or near or directed toward the front
fragile,No definition found
fragrant,pleasant-smelling
frank,No definition found
free,not limited or hampered; not under compulsion or restraint
free,not limited or hampered; not under compulsion or restraint
free,not limited or hampered; not under compulsion or restraint
frequent,coming at short intervals or habitually
fresh,"recently made, produced, or harvested"
fresh,"recently made, produced, or harvested"
friendly,characteristic of or befitting a friend
frightened,No definition found
front,relating to or located in the front
frozen,turned into ice; affected by freezing or by long and severe cold
fucking,No definition found
full,containing as much or as many as is possible or normal
full,containing as much or as many as is possible or normal
full-time,for the entire time appropriate to an activity
fun,No definition found
functional,designed for or capable of a particular function or use
fundamental,No definition found
funny,No definition found
furious,No definition found
future,yet to be or coming
gastric,relating to or involving the stomach
gay,No definition found
general,applying to all or most members of a category or group
generous,willing to give and share unstintingly
genetic,of or relating to or produced by or being a gene
gentle,No definition found
genuine,not fake or counterfeit
geographical,of or relating to the science of geography
geological,of or relating to or based on geology
giant,No definition found
given,No definition found
glad,showing or causing joy and pleasure; especially made happy
global,No definition found
glorious,having or deserving or conferring glory
gold,No definition found
golden,No definition found
good,having desirable or positive qualities especially those suitable for a thing specified
good,having desirable or positive qualities especially those suitable for a thing specified
gothic,characteristic of the style of type commonly used for printing German
gradual,proceeding in small stages
grammatical,of or pertaining to grammar
grand,No definition found
graphic,of or relating to the graphic arts
graphic,of or relating to the graphic arts
grateful,feeling or showing gratitude
grave,No definition found
great,No definition found
great,No definition found
green,concerned with or supporting or in conformity with the political principles of the Green Party
gregarious,(of animals) tending to form a group with others of the same species
grey,No definition found
grim,No definition found
gross,before any deductions
growing,relating to or suitable for growth
guilty,responsible for or chargeable with a reprehensible act
handicapped,No definition found
handsome,No definition found
handy,No definition found
happy,enjoying or showing or marked by joy or pleasure
hard,not easy; requiring great physical or mental effort to accomplish or comprehend or endure
harmful,causing or capable of causing harm
harsh,of textures that are rough to the touch or substances consisting of relatively large particles
head,No definition found
healthy,having or indicating good health in body or mind; free from infirmity or disease
heavy,of comparatively great physical weight or density
helpful,providing assistance or serving a useful function
helpless,No definition found
hidden,No definition found
high,greater than normal in quantity or amount
hilarious,No definition found
historic,No definition found
historical,of or relating to the study of history
holy,belonging to or derived from or associated with a divine power
homeless,No definition found
homosexual,sexually attracted to members of your own sex
honest,not disposed to cheat or defraud; not deceptive or fraudulent; marked by truth
honorable,not disposed to cheat or defraud; not deceptive or fraudulent; marked by truth
honourable,worthy of being honored; entitled to honor and respect
horizontal,parallel to or in the plane of the horizon or a base line
horrible,No definition found
hostile,characterized by enmity or ill will
hot,used of physical heat; having a high or higher than desirable temperature or giving off heat or feeling or causing a sensation of heat or burning
hot,used of physical heat; having a high or higher than desirable temperature or giving off heat or feeling or causing a sensation of heat or burning
huge,No definition found
human,characteristic of humanity
humble,marked by meekness or modesty; not arrogant or prideful
hungry,feeling hunger; feeling a need or desire to eat food
ideal,of or relating to the philosophical doctrine of the reality of ideas
identical,(of twins) derived from a single egg or ovum
ideological,of or pertaining to or characteristic of an orientation that characterizes the thinking of a group or nation
ignorant,No definition found
ill,affected by an impairment of normal physical or mental function
illegal,prohibited by law or by official or accepted rules
imaginative,No definition found
immediate,having no intervening medium
immense,No definition found
imminent,No definition found
immune,relating to the condition of immunity
imperial,relating to or associated with an empire
implicit,implied though not directly expressed; inherent in the nature of something
important,of great significance or value
impossible,not capable of occurring or being accomplished or dealt with
impressive,making a strong or vivid impression
improved,made more desirable or valuable or profitable; especially made ready for use or marketing
inadequate,lacking the requisite qualities or resources to meet a task
inappropriate,not suitable for a particular occasion etc
incapable,(followed by ‘of’) lacking capacity or ability
inclined,"(often followed by ‘to’) having a preference, disposition, or tendency"
incongruous,lacking in harmony or compatibility or appropriateness
increased,made greater in size or amount or degree
increasing,becoming greater or larger
incredible,beyond belief or understanding
independent,free from external control and constraint
indigenous,No definition found
indirect,not direct in spatial dimension; not leading by a straight line or course to a destination
individual,being or characteristic of a single thing or person
indoor,"located, suited for, or taking place within a building"
industrial,of or relating to or resulting from industry
inevitable,incapable of being avoided or prevented
infinite,having no limits or boundaries in time or space or extent or magnitude
influential,having or exercising influence or power
informal,not formal
inherent,No definition found
initial,No definition found
injured,harmed
inland,situated away from an area's coast or border
inner,located or occurring within or closer to a center
innocent,free from evil or guilt
innovative,No definition found
instant,No definition found
institutional,relating to or constituting or involving an institution
instrumental,relating to or designed for or performed on musical instruments
insufficient,of a quantity not able to fulfill a need or requirement
intact,No definition found
integral,of or denoted by an integer
integrated,formed into a whole or introduced into another entity
intellectual,appealing to or using the intellect
intelligent,having the capacity for thought and reason especially to a high degree
intense,possessing or displaying a distinctive feature to a heightened degree
intensive,tending to give force or emphasis
intent,No definition found
interactive,used especially of drugs or muscles that work together so the total effect is greater than the sum of the two (or more)
interested,having or showing interest; especially curiosity or fascination or concern
interesting,arousing or holding the attention
interim,No definition found
interior,situated within or suitable for inside a building
intermediate,lying between two extremes in time or space or state
internal,happening or arising or located within some limits or especially surface
international,concerning or belonging to all or at least two or more nations
intimate,No definition found
invaluable,No definition found
invisible,impossible or nearly impossible to see; imperceptible by the eye
involved,connected by participation or association or use
irrelevant,having no bearing on or connection with the subject at issue
irrespective,No definition found
isolated,No definition found
jealous,No definition found
joint,united or combined
judicial,belonging or appropriate to the office of a judge
junior,younger; lower in rank; shorter in length of tenure or service
just,used especially of what is legally or ethically right or proper or fitting
justified,No definition found
keen,No definition found
key,No definition found
kind,having or showing a tender and considerate and helpful nature; used especially of persons and their behavior
known,apprehended with certainty
labour,No definition found
lacking,No definition found
large,above average in size or number or quantity or magnitude or extent
large-scale,No definition found
last,coming after all others in time or space or degree or being the only one remaining
late,being or occurring at an advanced period of time or after a usual or expected time
latest,No definition found
latin,of or relating to the ancient Latins or the Latin language
lay,No definition found
lazy,No definition found
leading,going or proceeding or going in advance; showing the way
left,being or located on or directed toward the side of the body to the west when facing north
legal,established by or founded upon law or official or accepted rules
legislative,relating to a legislature or composed of members of a legislature
legitimate,of marriages and offspring; recognized as lawful
lengthy,No definition found
lesser,of less size or importance
level,No definition found
lexical,of or relating to words
liable,No definition found
liberal,"tolerant of change; not bound by authoritarianism, orthodoxy, or tradition"
light,of comparatively little physical weight or density
light,of comparatively little physical weight or density
light,of comparatively little physical weight or density
like,resembling or similar; having the same or some of the same characteristics; often used in combination
likely,has a good chance of being the case or of coming about
limited,small in range or scope
linear,designating or involving an equation whose terms are of the first degree
linguistic,consisting of or related to language
liquid,existing as or having characteristics of a liquid; especially tending to flow
literary,of or relating to or characteristic of literature
little,limited or below average in number or quantity or magnitude or extent
live,actually being performed at the time of hearing or viewing
lively,full of life and energy
living,pertaining to living persons
local,relating to or applicable to or concerned with the administration of a city or town or district rather than a larger area
logical,capable of or reflecting the capability for correct and valid reasoning
lone,No definition found
lonely,No definition found
long,primarily temporal sense; being or indicating a relatively great or greater than average duration or passage of time or a duration as specified
long,primarily temporal sense; being or indicating a relatively great or greater than average duration or passage of time or a duration as specified
long-term,No definition found
loose,not compact or dense in structure or arrangement
lost,no longer in your possession or control; unable to be found or recovered
lost,no longer in your possession or control; unable to be found or recovered
loud,characterized by or producing sound of great volume or intensity
lovely,No definition found
low,less than normal in degree or intensity or amount
loyal,steadfast in allegiance or duty
lucky,having or bringing good fortune
luxury,No definition found
mad,No definition found
magic,No definition found
magical,No definition found
magnetic,of or relating to or caused by magnetism
magnificent,No definition found
main,(of a clause) capable of standing syntactically alone as a complete sentence
major,of greater importance or stature or rank
major,of greater importance or stature or rank
male,being the sex (of plant or animal) that produces gametes (spermatozoa) that perform the fertilizing function in generation
managerial,of or relating to the function or responsibility or activity of management
managing,No definition found
mandatory,No definition found
manual,of or relating to the hands
manufacturing,No definition found
marginal,No definition found
marine,of or relating to the sea
marked,having or as if having an identifying mark or a mark as specified; often used in combination
married,joined in matrimony
marvellous,No definition found
mass,No definition found
massive,No definition found
material,derived from or composed of matter
mathematical,of or pertaining to or of the nature of mathematics
mature,characteristic of maturity
mature,characteristic of maturity
maximum,the greatest or most complete or best possible
mean,No definition found
meaningful,having a meaning or purpose
mechanical,using (or as if using) mechanisms or tools or devices
medical,relating to the study or practice of medicine
medieval,relating to or belonging to the Middle Ages
medium,No definition found
memorable,No definition found
mental,involving the mind or an intellectual process
mere,No definition found
metropolitan,relating to or characteristic of a metropolis
mid,No definition found
middle,of a stage in the development of a language or literature between earlier and later stages
middle-class,occupying a socioeconomic position intermediate between those of the lower classes and the wealthy
mighty,No definition found
mild,moderate in type or degree or effect or force; far from extreme
military,of or relating to the study of the principles of warfare
minimal,the least possible
minimum,the least possible
ministerial,of or relating to a minister of religion or the minister's office
minor,of lesser importance or stature or rank
minute,No definition found
miserable,No definition found
misleading,No definition found
missing,No definition found
mixed,No definition found
mobile,moving or capable of moving readily (especially from place to place)
moderate,being within reasonable or average limits; not excessive or extreme
modern,belonging to the modern era; since the Middle Ages
modest,marked by simplicity; having a humble opinion of yourself
molecular,relating to or produced by or consisting of molecules
monetary,relating to or involving money
monstrous,No definition found
monstrous,No definition found
monthly,No definition found
moral,concerned with principles of right and wrong or conforming to standards of behavior and character based on those principles
moving,in motion
muggy,No definition found
multiple,having or involving or consisting of more than one part or entity or individual
municipal,relating or belonging to or characteristic of a municipality
musical,characterized by or capable of producing music
mutual,concerning each of two or more persons or things; especially given or done in return
mysterious,No definition found
naked,No definition found
narrow,not wide
narrow,not wide
nasty,offensive or even (of persons) malicious
national,of or relating to or belonging to a nation or country
native,characteristic of or existing by virtue of geographic origin
natural,in accordance with nature; relating to or concerning nature
naval,connected with or belonging to or used in a navy
near,not far distant in time or space or degree or circumstances
nearby,No definition found
neat,No definition found
necessary,absolutely essential
negative,characterized by or displaying negation or denial or opposition or resistance; having no positive features
negative,characterized by or displaying negation or denial or opposition or resistance; having no positive features
neighbouring,No definition found
nervous,of or relating to the nervous system
nervous,of or relating to the nervous system
net,remaining after all deductions
neutral,possessing no distinctive quality or characteristics
new,not of long duration; having just (or relatively recently) come into being or been made or acquired or discovered
new,not of long duration; having just (or relatively recently) come into being or been made or acquired or discovered
nice,pleasant or pleasing or agreeable in nature or appearance
noble,of or belonging to or constituting the hereditary aristocracy especially as derived from feudal times
noble,of or belonging to or constituting the hereditary aristocracy especially as derived from feudal times
noisy,full of or characterized by loud and nonmusical sounds
nominal,relating to or constituting or bearing or giving a name
normal,conforming with or constituting a norm or standard or level or type or social norm; not abnormal
northern,in or characteristic of a region of the United States north of (approximately) the Mason-Dixon line
notable,No definition found
noticeable,capable or worthy of being noticed
notorious,No definition found
novel,No definition found
nuclear,(weapons) deriving destructive energy from the release of atomic energy
numerous,No definition found
nursing,No definition found
obese,No definition found
objective,undistorted by emotion or personal bias; based on observable phenomena
obscure,No definition found
obvious,easily perceived and understood
occasional,No definition found
occupational,of or relating to the activity or business for which you are trained
odd,not divisible by two
offensive,for the purpose of attack rather than defense
offensive,for the purpose of attack rather than defense
official,having official authority or sanction
okay,No definition found
old,(used especially of persons) having lived for a relatively long time or attained a specific age
old-fashioned,No definition found
only,No definition found
open,affording unobstructed entrance and exit; not shut or closed
open,affording unobstructed entrance and exit; not shut or closed
operational,pertaining to a process or series of actions for achieving a result
opposed,being in opposition or having an opponent
opposite,of leaves etc.; growing in pairs on either side of a stem
optical,of or relating to or involving light or optics
optimistic,expecting the best in this best of all possible worlds
optional,possible but not necessary; left to personal choice
oral,of or relating to or affecting or for use in the mouth
orange,No definition found
ordinary,not exceptional in any way especially in quality or ability or size or degree
organic,relating or belonging to the class of chemical compounds having a carbon basis
organisational,of or relating to an organization
organizational,of or relating to an organization
original,being or productive of something fresh and unusual; or being as first made or thought of
orthodox,of or pertaining to or characteristic of Judaism
other,"not the same one or ones already mentioned or implied; quantifier, other"
outdoor,"located, suited for, or taking place in the open air"
outer,being on the outside or further from a center
outside,relating to or being on or near the outer side or limit
outstanding,No definition found
overall,No definition found
overseas,No definition found
overwhelming,No definition found
paid,marked by the reception of pay
painful,causing physical or psychological pain
pale,No definition found
papal,proceeding from or ordered by or subject to a pope or the papacy regarded as the successor of the Apostles
parallel,being everywhere equidistant and not intersecting
paralyzed,No definition found
parental,designating the generation of organisms from which hybrid offspring are produced
parliamentary,relating to or having the nature of a parliament
part-time,involving less than the standard or customary time for an activity
partial,constituting or comprising a part or fraction of a possible whole or entirety
particular,No definition found
particular,No definition found
passionate,having or expressing strong emotions
passive,lacking in energy or will
past,earlier than the present time; no longer current
patient,enduring trying circumstances with even temper or characterized by such endurance
payable,No definition found
peaceful,not disturbed by strife or turmoil or war
peculiar,No definition found
perceived,No definition found
perfect,being complete of its kind and without defect or blemish
permanent,continuing or enduring without marked change in status or condition or place
persistent,retained; not shed
personal,concerning or affecting a particular person or his or her private life and personality
petty,No definition found
philosophical,of or relating to philosophy or philosophers
photographic,relating to photography or obtained by using photography
physical,involving the body as distinguished from the mind or spirit
pink,No definition found
plain,not elaborate or elaborated; simple
planned,designed or carried out according to a plan
plausible,"apparently reasonable and credible, and therefore convincing"
pleasant,affording pleasure; being in harmony with your taste or likings
pleased,experiencing or manifesting pleasure
polish,of or relating to Poland or its people or culture
polite,"showing regard for others in manners, speech, behavior, etc."
political,involving or characteristic of politics or parties or politicians
poor,having little money or few possessions
popular,"regarded with great favor, approval, or affection especially by the general public"
portable,easily or conveniently transported
positive,characterized by or displaying affirmation or acceptance or certainty etc.
possible,capable of happening or existing
post-war,No definition found
potential,existing in possibility
powerful,having great power or force or potency or effect
practical,concerned with actual use or practice
practical,concerned with actual use or practice
precious,No definition found
precise,sharply exact or accurate or delimited
predictable,capable of being foretold
preferred,No definition found
pregnant,carrying developing offspring within the body or being about to produce new life
preliminary,No definition found
premature,born after a gestation period of less than the normal time
premier,No definition found
present,temporal sense; intermediate between past and future; now existing or happening or in consideration
present,temporal sense; intermediate between past and future; now existing or happening or in consideration
presidential,relating to a president or presidency
pretty,No definition found
previous,No definition found
primary,of first rank or importance or value; direct and immediate rather than secondary
prime,of or relating to or being an integer that cannot be factored into other integers
primitive,No definition found
principal,No definition found
printed,No definition found
prior,No definition found
private,confined to particular persons or groups or providing privacy
privileged,blessed with privileges
probable,likely but not certain to be or become true or real
productive,producing or capable of producing (especially abundantly)
professional,engaged in a profession or engaging in as a profession or means of livelihood
profitable,yielding material gain or profit
profound,showing intellectual penetration or emotional depth
progressive,favoring or promoting progress
prolonged,No definition found
prominent,No definition found
prone,No definition found
proper,marked by suitability or rightness or appropriateness
proportional,No definition found
proposed,No definition found
prospective,of or concerned with or related to the future
protective,intended or adapted to afford protection of some kind
proud,feeling self-respect or pleasure in something by which you measure your self-worth; or being a reason for pride
provincial,of or associated with a province
provisional,No definition found
psychiatric,relating to or used in or engaged in the practice of psychiatry
psychological,of or relating to or determined by psychology
public,not private; open to or concerning the people as a whole
pure,free of extraneous elements of any kind
pure,free of extraneous elements of any kind
purple,No definition found
qualified,meeting the proper standards and requirements and training for an office or position or task
quantitative,expressible as a quantity or relating to or susceptible of measurement
quick,No definition found
quiet,characterized by an absence or near absence of agitation or activity
quiet,characterized by an absence or near absence of agitation or activity
racial,of or related to genetically distinguished groups of people
radical,of or relating to or constituting a linguistic root
raised,located or moved above the surround or above the normal position
random,lacking any definite plan or order or purpose; governed by or depending on chance
rapid,No definition found
rare,No definition found
rational,consistent with or based on or using reason
raw,not treated with heat to prepare it for eating
ready,completely prepared or in condition for immediate action or use or progress
real,being or occurring in fact or actuality; having verified existence; not illusory
real,being or occurring in fact or actuality; having verified existence; not illusory
realistic,aware or expressing awareness of things as they really are
rear,No definition found
reasonable,showing reason or sound judgment
recent,No definition found
reckless,No definition found
red,No definition found
reduced,made less in size or amount or degree
redundant,No definition found
regional,characteristic of a region
regular,in accordance with fixed order or procedure or principle
regulatory,No definition found
related,being connected either logically or causally or by shared characteristics
related,being connected either logically or causally or by shared characteristics
relative,estimated by comparison; not absolute or complete
relevant,having a bearing on or connection with the subject at issue
reliable,worthy of reliance or trust
religious,having or showing belief in and reverence for a deity
reluctant,No definition found
remaining,No definition found
remarkable,No definition found
remote,far apart in relevance or relationship or kinship
renewed,No definition found
repeated,No definition found
representative,standing for something else
required,No definition found
resident,living in a particular place
residential,used or designed for residence or limited to residences
respectable,characterized by socially or conventionally acceptable morals
respective,No definition found
responsible,worthy of or requiring responsibility or trust; or held accountable
restless,lacking or not affording physical or mental rest
restricted,subject to restriction or subjected to restriction
restrictive,serving to restrict
resulting,No definition found
retail,No definition found
retired,No definition found
revised,No definition found
revolutionary,of or relating to or characteristic or causing an axial or orbital turn
rich,possessing material wealth
ridiculous,No definition found
right,being or located on or directed toward the side of the body to the east when facing north
rigid,designating an airship or dirigible having a form maintained by a stiff unyielding frame or structure
rising,advancing or becoming higher or greater in degree or value or status
rival,as a rival in a competition
romantic,belonging to or characteristic of Romanticism or the Romantic Movement in the arts
rotten,No definition found
rotten,No definition found
rough,having or caused by an irregular surface
round,having the shape or form of a circle
royal,of or relating to or indicative of or issued or performed by a king or queen or other monarch
rubber,No definition found
rude,lacking civility or good manners
ruling,No definition found
running,(of fluids) moving or issuing in a stream
rural,of or relating to the countryside as opposed to the city
sacred,concerned with religion or religious purposes
sad,experiencing or showing sorrow or unhappiness
safe,free from danger or the risk of harm
satisfactory,giving satisfaction
satisfied,No definition found
scared,No definition found
scientific,of or relating to the practice of science
seasonal,occurring at or dependent on a particular season
seasonal,occurring at or dependent on a particular season
secondary,being of second rank or importance or value; not direct or immediate
secret,No definition found
secular,of or relating to the doctrine that rejects religion and religious considerations
secure,free from fear or doubt; easy in mind
select,No definition found
selected,chosen in preference to another
selective,No definition found
semantic,of or relating to meaning or the study of meaning
senior,older; higher in rank; longer in length of tenure or service
sensible,showing reason or sound judgment
sensitive,responsive to physical stimuli
separate,independent; not united or joint
serious,concerned with work or important matters rather than play or trivialities
severe,No definition found
sexual,of or relating to or characterized by sexuality
shallow,lacking physical depth; having little spatial extension downward or inward from an outer surface or backward or outward from a center
shallow,lacking physical depth; having little spatial extension downward or inward from an outer surface or backward or outward from a center
shared,have in common; held or experienced in common
sharp,keenly and painfully felt; as if caused by a sharp edge or point
sheer,No definition found
shocked,No definition found
short,primarily temporal sense; indicating or being or seeming to be limited in duration
short,primarily temporal sense; indicating or being or seeming to be limited in duration
short-term,No definition found
shy,lacking self-confidence
sick,affected by an impairment of normal physical or mental function
significant,important in effect or meaning
silent,No definition found
silly,No definition found
silver,No definition found
similar,marked by correspondence or resemblance
simple,having few parts; not complex or complicated or involved
single,being or characteristic of a single thing or person
single,being or characteristic of a single thing or person
skilled,having or showing or requiring special skill
sleeping,No definition found
slight,(quantifier used with mass nouns) small in quantity or degree; not much or almost none or (with ‘a’) at least some
slim,No definition found
slippery,causing or tending to cause things to slip or slide
slow,not moving quickly; taking a comparatively long time
small,limited or below average in number or quantity or magnitude or extent
smart,showing mental alertness and calculation and resourcefulness
smooth,having a surface free from roughness or bumps or ridges or irregularities
so-called,No definition found
social,relating to human society and its members
socialist,advocating or following the socialist principles
sociological,of or relating to or determined by sociology
soft,yielding readily to pressure or weight
soft,yielding readily to pressure or weight
soft,yielding readily to pressure or weight
solar,relating to or derived from the sun or utilizing the energies of the sun
sole,No definition found
solid,of definite shape and volume; firm; neither liquid nor gaseous
solid,of definite shape and volume; firm; neither liquid nor gaseous
sophisticated,having or appealing to those having worldly knowledge and refinement and savoir-faire
sore,No definition found
sorry,feeling or expressing regret or sorrow or a sense of loss over something done or undone
sound,financially secure and safe
sour,having a sharp biting taste
southern,in or characteristic of a region of the United States south of (approximately) the Mason-Dixon line
spare,No definition found
spatial,pertaining to or involving or having the nature of space
special,No definition found
specialist,No definition found
specific,(sometimes followed by ‘to’) applying to or characterized by or distinguishing something particular or special or unique
specified,clearly and explicitly stated
spectacular,No definition found
spiritual,No definition found
splendid,No definition found
spoken,uttered through the medium of speech or characterized by speech; sometimes used in combination
spontaneous,happening or arising without apparent external cause
square,having four equal sides and four right angles or forming a right angle
stable,resistant to change of position or condition
standard,conforming to or constituting a standard of measurement or value; or of the usual or regularized or accepted kind
static,concerned with or producing or caused by static electricity
statistical,of or relating to statistics
statutory,relating to or created by statutes
steady,not subject to change or variation especially in behavior
steep,having a sharp inclination
sterling,No definition found
sticky,No definition found
stiff,having a strong physiological or chemical effect
still,used of pictures; of a single or static photograph not presented so as to create the illusion of motion; or representing objects not capable of motion
stolen,No definition found
straight,having no deviations
straight,having no deviations
straightforward,No definition found
strange,being definitely out of the ordinary and unexpected; slightly odd or even a bit weird
strategic,relating to or concerned with strategy
strict,"characterized by strictness, severity, or restraint"
striking,No definition found
strong,having strength or power greater than average or expected
strong,having strength or power greater than average or expected
strong,having strength or power greater than average or expected
strong,having strength or power greater than average or expected
structural,"relating to or caused by structure, especially political or economic structure"
stubborn,tenaciously unwilling or marked by tenacious unwillingness to yield
stunning,No definition found
stupid,lacking or marked by lack of intellectual acuity
subject,No definition found
subjective,taking place within the mind and modified by individual bias
subsequent,following in time or order
substantial,having substance or capable of being treated as fact; not imaginary
substantive,defining rights and duties as opposed to giving the rules by which rights and duties are established
subtle,No definition found
successful,having succeeded or being marked by a favorable outcome
successive,No definition found
sudden,happening without warning or in a short space of time
sufficient,of a quantity that can fulfill a need or requirement but without being abundant
suitable,No definition found
sunny,No definition found
super,No definition found
superb,No definition found
superior,of high or superior quality or performance
supplementary,No definition found
supporting,No definition found
supposed,No definition found
supreme,No definition found
sure,having or feeling no doubt or uncertainty; confident and assured
surplus,No definition found
surprised,taken unawares or suddenly and feeling wonder or astonishment
surprising,causing surprise or wonder or amazement
surrounding,No definition found
suspicious,No definition found
sweet,having or denoting the characteristic taste of sugar
swift,No definition found
symbolic,relating to or using or proceeding by means of symbols
sympathetic,of or relating to the sympathetic nervous system
syntactic,of or relating to or conforming to the rules of syntax
systematic,characterized by order and planning
talented,endowed with talent or talents
talkative,No definition found
tall,great in vertical dimension; high in stature
tasty,pleasing to the sense of taste
technical,of or relating to technique or proficiency in a practical skill
technological,of or relating to a practical subject that is organized according to scientific principles
teenage,No definition found
temporary,not permanent; not lasting
tender,given to sympathy or gentleness or sentimentality
tender,given to sympathy or gentleness or sentimentality
tense,in or of a state of physical or nervous tension
tense,in or of a state of physical or nervous tension
terminal,of or relating to or situated at the ends of a delivery route
terrible,No definition found
territorial,of or relating to a territory
theoretical,concerned primarily with theories or hypotheses rather than practical considerations
thick,not thin; of a specific thickness or of relatively great extent from one surface to the opposite usually in the smallest of the three solid dimensions
thick,not thin; of a specific thickness or of relatively great extent from one surface to the opposite usually in the smallest of the three solid dimensions
thin,of relatively small extent from one surface to the opposite or in cross section
thinking,No definition found
thirsty,feeling a need or desire to drink
thorough,No definition found
thoughtful,exhibiting or characterized by careful thought
tidy,marked by order and cleanliness in appearance or habits
tight,closely constrained or constricted or constricting
tiny,No definition found
tired,depleted of strength or energy
tolerant,showing respect for the rights or opinions or practices of others
top,situated at the top or highest position
total,No definition found
tough,not given to gentleness or sentimentality
tough,not given to gentleness or sentimentality
toxic,of or relating to or caused by a toxin or poison
trading,No definition found
traditional,consisting of or derived from tradition
tragic,of or relating to or characteristic of tragedy
trained,shaped or conditioned or disciplined by training; often used as a combining form
transparent,No definition found
tremendous,No definition found
trivial,No definition found
tropical,"of or relating to the tropics, or either tropic"
true,consistent with fact or reality; not false
typical,exhibiting the qualities or characteristics that identify a group or kind or category
ugly,displeasing to the senses
ultimate,furthest or highest in degree or order; utmost or extreme
unable,(usually followed by ‘to’) not having the necessary means or skill or know-how
unacceptable,not acceptable; not welcome
unanimous,No definition found
unaware,(often followed by ‘of’) not aware
uncertain,lacking or indicating lack of confidence or assurance
unchanged,not made or become different
unclear,poorly stated or described
uncomfortable,conducive to or feeling mental discomfort
unconscious,not conscious; lacking awareness and the capacity for sensory perception as if asleep or dead
underground,No definition found
underlying,No definition found
understandable,No definition found
uneasy,lacking a sense of security or affording no ease or reassurance
unemployed,not engaged in a gainful occupation
unexpected,not expected or anticipated
unfair,not fair; marked by injustice or partiality or deception
unfamiliar,not known or well known
unfortunate,not favored by fortune; marked or accompanied by or resulting in ill fortune
unhappy,experiencing or marked by or causing sadness or sorrow or discontent
uniform,always the same; showing a single form or character in all occurrences
unique,No definition found
united,characterized by unity; being or joined into a single entity
universal,No definition found
unknown,not known
unlawful,contrary to or prohibited by or defiant of law
unlike,marked by dissimilarity
unlikely,not likely to be true or to occur or to have occurred
unnecessary,not necessary
unpleasant,offensive or disagreeable; causing discomfort or unhappiness
unprecedented,having no precedent; novel; never seen before
unreasonable,not reasonable; not showing good judgment
unsuccessful,not successful; having failed or having an unfavorable outcome
unusual,not usual or common or ordinary
unwanted,not wanted; not needed
unwilling,not disposed to and refusing to do something
up-to-date,No definition found
upper,the topmost one of two; upper
upset,No definition found
urban,relating to or concerned with a city or densely populated area
urgent,No definition found
used,employed in accomplishing something
useful,being of use or service
useless,having no beneficial use or incapable of functioning usefully
usual,occurring or encountered or experienced or observed frequently or in accordance with regular practice or procedure
vacant,No definition found
vague,"not precisely limited, determined, or distinguished"
vain,No definition found
valid,well grounded in logic or truth or having legal force
valuable,having great material or monetary value especially for use or exchange
variable,liable to or capable of change
varied,characterized by variety
various,No definition found
varying,No definition found
vast,No definition found
verbal,of or relating to or formed from words in general
vertical,at right angles to the plane of the horizon or a base line
very,No definition found
viable,No definition found
vicious,No definition found
video-taped,No definition found
vigorous,No definition found
violent,acting with or marked by or resulting from great force or energy or emotional intensity
virtual,No definition found
visible,capable of being seen; or open to easy view
visual,relating to or using sight
vital,No definition found
vivid,No definition found
vocational,of or relating to a vocation or occupation; especially providing or undergoing training in special skills
voluntary,of your own free will or design; done by choice; not forced or compelled
vulnerable,susceptible to attack
waiting,No definition found
walking,No definition found
warm,having or producing a comfortable and agreeable degree of heat or imparting or maintaining heat
warm,having or producing a comfortable and agreeable degree of heat or imparting or maintaining heat
wary,marked by keen caution and watchful prudence
waste,No definition found
weak,wanting in physical strength
wealthy,No definition found
wee,No definition found
weekly,No definition found
weird,No definition found
welcome,giving pleasure or satisfaction or received with pleasure or freely granted
well,in good health especially after having suffered illness or injury
well-known,No definition found
western,relating to or characteristic of the western parts of the world or the West as opposed to the eastern or oriental parts
wet,covered or soaked with a liquid such as water
white,being of the achromatic color of maximum lightness; having little or no hue owing to reflection of almost all incident light
white,being of the achromatic color of maximum lightness; having little or no hue owing to reflection of almost all incident light
whole,including all components without exception; being one unit or constituting the full amount or extent or duration; complete
wicked,morally bad in principle or practice
wide,having great (or a certain) extent from one side to the other
widespread,No definition found
wild,marked by extreme lack of restraint or control
wild,marked by extreme lack of restraint or control
willing,disposed or inclined toward
winning,No definition found
wise,having or prompted by wisdom or discernment
wonderful,No definition found
wooden,No definition found
working,No definition found
working-class,No definition found
worldwide,No definition found
worried,No definition found
worrying,No definition found
worthwhile,No definition found
worthy,having worth or merit or value; being honorable or admirable
written,set down in writing in any of various ways
wrong,not correct; not in conformity with fact or truth
wrong,not correct; not in conformity with fact or truth
yellow,No definition found
young,(used of living things especially persons) in an early period of life or development or growth
